expressed,kcat,1/km,kcat/km,mutant
1,-0.4413,-0.20465,-0.64595,S14A
1,-0.75893,-0.43432,-1.19325,S16A
1,-0.13959,-0.1527,-0.2923,S17E
1,-0.01806,-0.55536,-0.57342,S17A
1,-0.65199,-0.7865,-1.43849,Y18A
1,,,-4.75752,Q19A
1,,,-4.33155,Q19C
1,,,-4.53567,Q19S
0,,,,W34A
1,-0.1095,-0.20465,-0.31414,V52G
1,-0.15899,-0.02618,-0.18517,F72A
0,,,,R76A
1,-0.01908,-0.11492,-0.134,I91E
1,0.07885,-0.3135,-0.23464,H101R
1,-2.6677,-0.65368,-3.32083,H119N
1,-0.79112,-0.46717,-1.25829,H119A
0,,,,H119E
1,-1.02166,-1.23856,-2.26013,W120H
1,-0.27251,-0.49502,-0.76752,W120F
1,,,,W120A
1,-2.28369,-0.09775,-2.38155,V147S
1,-0.00296,0.17273,0.16977,E154D
1,-2.12038,-0.36374,-2.48414,N163A
1,-1.86727,-0.47004,-2.33757,N163D
1,-1.53483,-0.02219,-1.55704,N163C
1,-3.64542,0.70749,-2.93798,E164A
1,-1.52321,0.31387,-1.20934,Y166P
1,-0.26612,-0.45255,-0.71866,C167A
1,-0.24402,0.01984,-0.22418,C167Q
1,-0.34115,0.18547,-0.15568,L171R
1,-0.03958,-0.33352,-0.37309,L171A
1,-0.04282,0.15671,0.11389,T175R
1,-0.20216,-0.07988,-0.28204,E177K
1,-0.12038,-0.16209,-0.28247,E177L
1,0.04742,-0.06489,-0.01747,E177A
1,-0.89337,-0.17299,-1.06635,H178A
1,0.02944,0.00509,0.03453,A192S
1,-0.27993,-0.10177,-0.38171,T218A
1,-0.6476,-0.18417,-0.83176,L219A
1,-0.85655,0.00084,-0.8557,N220H
1,-0.339,-0.30103,-0.64003,N220A
1,-0.20846,-0.08407,-0.29254,M221A
1,-1.87827,-0.55301,-2.43119,E222Y
1,-1.32011,0.31736,-1.00277,E222R
1,-0.99269,0.91247,-0.07746,E222A
1,-0.91303,-0.14673,-1.05977,E222K
1,-0.74233,-0.21965,-0.96199,E222H
1,-0.12168,-0.37455,-0.49623,E222Q
1,-0.4962,-0.32162,-0.81782,R240D
1,0.00682,-0.53617,-0.52934,R240K
1,1.09494,-0.57823,0.51671,R240A
1,-0.51348,0.37937,-0.13411,I244N
1,-0.2501,-0.06417,-0.31426,I244E
0,-1.15687,-0.29251,-1.44939,M261E
1,-0.37825,-0.27407,-0.65232,Q284R
1,-1.84265,-0.27362,-2.11638,N293A
1,-0.72634,0.01458,-0.71177,Y294A
1,-0.08016,-0.06562,-0.14578,Y294F
1,,,,Y295A
1,,,,Y295G
1,-0.90903,-0.32959,-1.23861,T296A
1,-0.0385,-0.01083,-0.04933,S298E
1,-0.10572,0.06053,-0.04519,I300N
1,-0.10823,0.15792,0.04969,Q313R
0,,,,H315N
1,-0.32736,-0.25854,-0.58589,M323A
1,-0.75893,-0.57149,-1.33042,M223G
0,,,,M323K
1,-1.92526,0.09063,-1.83462,W325C
1,-1.4781,0.50498,-0.97312,W325A
1,-1.40363,0.22326,-1.18038,W325H
1,-0.90903,-0.0471,-0.95612,W325L
0,,,,P329W
1,-0.03423,0.07432,0.04009,S331A
1,0.07474,-0.02539,0.04935,K341A
1,-1.17194,-0.44353,-1.61545,T352A
1,,,-4.93361,E353A
1,-2.46933,-0.01898,-2.48801,N354A
1,-2.94645,-0.05978,-3.00676,G355A
1,-0.30697,0.02786,-0.27911,M358T
1,-0.09703,-0.08822,-0.18526,H373R
0,-2.56624,-0.08338,-2.64918,H379R
1,-3.64542,-0.5083,-4.15546,W399A
1,-2.51509,-1.13515,-3.65486,W399C
1,,,,W399S
1,,,,W399G
1,-0.22136,0.20395,-0.0174,S400A
0,,,,D403A
1,-2.37825,-0.26224,-2.64025,N404A
0,,,,F405A
1,-1.35428,-0.82095,-2.17508,E406D
1,,,-4.53567,E406A
0,-1.88955,-0.16958,-2.05913,W407A
0,,,,W407R
0,,,,W407G
0,,,,W407Q
0,,,,W409A
1,-0.02477,0.24642,0.22166,K413A
1,-2.83251,-0.5083,-3.34255,F415A
1,-0.13622,-0.10774,-0.24395,E423S
