ind,mutant,blankcol,blank2
131,n220y,,
132,w409y,,
133,w399r,,
134,h315e,,
135,s16n,,
136,h178r,,
137,n293d,,
138,n220r,,
139,y294f,,
140,d322a,,
141,d403a,,
142,e164a,,
143,e177l,,
144,e353a,,
145,f415a,,
146,h178n,,
147,i300n,,
148,m221a,,
149,m323t,,
150,m358t,,
151,q313a,,
152,q313e,,
153,s298e,,
154,v311a,,
155,v311d,,
156,w120a,,
157,w325a,,
158,w399a,,
159,y294f,,
160,f415n,,
161,w325k,,
162,w399h,,
163,e388c,,
164,e177k,,
165,l108n,,
166,l272n,,
167,n220w,,
168,h119w,,
169,n163k,,
170,n293k,,
171,e164d,,
